adx_min,rsi_buy,rsi_sell,atr_mult_sl,trades,win_rate,profit_factor,cagr,max_drawdown,sharpe,sortino,final_equity
20,41,90,10.35,67,0.31343283582089554,0.8374695833957956,,-0.02470545736467599,-1.172796289250419,-3.1917650021455697,0.9899845589188525
20,41,74,10.35,67,0.31343283582089554,0.8374695833957956,,-0.02470545736467599,-1.172796289250419,-3.1917650021455697,0.9899845589188525
20,41,82,10.35,67,0.31343283582089554,0.8374695833957956,,-0.02470545736467599,-1.172796289250419,-3.1917650021455697,0.9899845589188525
20,41,74,9.41,67,0.31343283582089554,0.8374695833957958,,-0.02714501751466906,-1.1727962892504185,-3.1917650021455684,0.9889751141150479
20,41,82,9.41,67,0.31343283582089554,0.8374695833957958,,-0.02714501751466906,-1.1727962892504185,-3.1917650021455684,0.9889751141150479
20,41,90,9.41,67,0.31343283582089554,0.8374695833957958,,-0.02714501751466906,-1.1727962892504185,-3.1917650021455684,0.9889751141150479
20,41,74,8.47,67,0.31343283582089554,0.8374695833957956,,-0.030119112261610518,-1.1727962892504185,-3.1917650021455684,0.9877394447678186
20,41,90,8.47,67,0.31343283582089554,0.8374695833957956,,-0.030119112261610518,-1.1727962892504185,-3.1917650021455684,0.9877394447678186
20,41,82,8.47,67,0.31343283582089554,0.8374695833957956,,-0.030119112261610518,-1.1727962892504185,-3.1917650021455684,0.9877394447678186
33,41,82,10.35,57,0.3157894736842105,0.7633151807364204,,-0.018065236549883054,-1.8109269903736076,-4.884868867083735,0.9870527058358275
33,41,74,10.35,57,0.3157894736842105,0.7633151807364204,,-0.018065236549883054,-1.8109269903736076,-4.884868867083735,0.9870527058358275
33,41,90,10.35,57,0.3157894736842105,0.7633151807364204,,-0.018065236549883054,-1.8109269903736076,-4.884868867083735,0.9870527058358275
33,41,74,9.41,57,0.3157894736842105,0.7633151807364201,,-0.01985776946394054,-1.8109269903736076,-4.884868867083733,0.9857564837306853
33,41,82,9.41,57,0.3157894736842105,0.7633151807364201,,-0.01985776946394054,-1.8109269903736076,-4.884868867083733,0.9857564837306853
33,41,90,9.41,57,0.3157894736842105,0.7633151807364201,,-0.01985776946394054,-1.8109269903736076,-4.884868867083733,0.9857564837306853
36,41,90,10.35,54,0.3148148148148148,0.7089546601225859,,-0.020631064036862733,-2.330887942791728,-6.36226288750143,0.9844783346240094
36,41,74,10.35,54,0.3148148148148148,0.7089546601225859,,-0.020631064036862733,-2.330887942791728,-6.36226288750143,0.9844783346240094
36,41,82,10.35,54,0.3148148148148148,0.7089546601225859,,-0.020631064036862733,-2.330887942791728,-6.36226288750143,0.9844783346240094
33,41,90,8.47,57,0.3157894736842105,0.7633151807364201,,-0.022045195614560992,-1.8109269903736074,-4.884868867083733,0.9841718831713455
33,41,74,8.47,57,0.3157894736842105,0.7633151807364201,,-0.022045195614560992,-1.8109269903736074,-4.884868867083733,0.9841718831713455
33,41,82,8.47,57,0.3157894736842105,0.7633151807364201,,-0.022045195614560992,-1.8109269903736074,-4.884868867083733,0.9841718831713455
20,38,90,10.35,66,0.30303030303030304,0.7302657511060392,,-0.030385592680692578,-2.0827551325441154,-5.638425027315829,0.9833349012524643
20,38,74,10.35,66,0.30303030303030304,0.7302657511060392,,-0.030385592680692578,-2.0827551325441154,-5.638425027315829,0.9833349012524643
20,38,82,10.35,66,0.30303030303030304,0.7302657511060392,,-0.030385592680692578,-2.0827551325441154,-5.638425027315829,0.9833349012524643
36,41,74,9.41,54,0.3148148148148148,0.7089546601225859,,-0.022673533882280064,-2.330887942791727,-6.362262887501427,0.9829298943373695
36,41,82,9.41,54,0.3148148148148148,0.7089546601225859,,-0.022673533882280064,-2.330887942791727,-6.362262887501427,0.9829298943373695
36,41,90,9.41,54,0.3148148148148148,0.7089546601225859,,-0.022673533882280064,-2.330887942791727,-6.362262887501427,0.9829298943373695
20,38,90,9.41,66,0.30303030303030304,0.7302657511060393,,-0.033375869153054225,-2.082755132544115,-5.638425027315829,0.981672277785703
20,38,82,9.41,66,0.30303030303030304,0.7302657511060393,,-0.033375869153054225,-2.082755132544115,-5.638425027315829,0.981672277785703
20,38,74,9.41,66,0.30303030303030304,0.7302657511060393,,-0.033375869153054225,-2.082755132544115,-5.638425027315829,0.981672277785703
39,41,90,10.35,54,0.2962962962962963,0.6536315321038283,,-0.0226264230159423,-2.866606206795458,-7.806372006615667,0.9812067138715101
39,41,74,10.35,54,0.2962962962962963,0.6536315321038283,,-0.0226264230159423,-2.866606206795458,-7.806372006615667,0.9812067138715101
39,41,82,10.35,54,0.2962962962962963,0.6536315321038283,,-0.0226264230159423,-2.866606206795458,-7.806372006615667,0.9812067138715101
36,41,90,8.47,54,0.3148148148148148,0.7089546601225861,,-0.025164818931052976,-2.330887942791728,-6.362262887501428,0.9810383086936271
36,41,82,8.47,54,0.3148148148148148,0.7089546601225861,,-0.025164818931052976,-2.330887942791728,-6.362262887501428,0.9810383086936271
36,41,74,8.47,54,0.3148148148148148,0.7089546601225861,,-0.025164818931052976,-2.330887942791728,-6.362262887501428,0.9810383086936271
33,38,90,10.35,55,0.2909090909090909,0.6375191089974798,,-0.025073593330033492,-3.031733061712756,-8.341066272184419,0.9803494612605396
33,38,74,10.35,55,0.2909090909090909,0.6375191089974798,,-0.025073593330033492,-3.031733061712756,-8.341066272184419,0.9803494612605396
33,38,82,10.35,55,0.2909090909090909,0.6375191089974798,,-0.025073593330033492,-3.031733061712756,-8.341066272184419,0.9803494612605396
33,41,65,10.35,61,0.29508196721311475,0.6604431839166439,,-0.023521272770811244,-2.771015336858224,-7.0710885425725865,0.9800173568483849
20,38,82,8.47,66,0.30303030303030304,0.7302657511060392,,-0.03701885790818661,-2.0827551325441145,-5.63842502731583,0.9796411844958895
20,38,90,8.47,66,0.30303030303030304,0.7302657511060392,,-0.03701885790818661,-2.0827551325441145,-5.63842502731583,0.9796411844958895
20,38,74,8.47,66,0.30303030303030304,0.7302657511060392,,-0.03701885790818661,-2.0827551325441145,-5.63842502731583,0.9796411844958895
39,41,74,9.41,54,0.2962962962962963,0.6536315321038283,,-0.024868461253765604,-2.866606206795459,-7.806372006615667,0.9793378761769842
39,41,82,9.41,54,0.2962962962962963,0.6536315321038283,,-0.024868461253765604,-2.866606206795459,-7.806372006615667,0.9793378761769842
39,41,90,9.41,54,0.2962962962962963,0.6536315321038283,,-0.024868461253765604,-2.866606206795459,-7.806372006615667,0.9793378761769842
33,38,82,9.41,55,0.2909090909090909,0.6375191089974798,,-0.027548198438848617,-3.0317330617127562,-8.341066272184417,0.9783972083774293
33,38,74,9.41,55,0.2909090909090909,0.6375191089974798,,-0.027548198438848617,-3.0317330617127562,-8.341066272184417,0.9783972083774293
33,38,90,9.41,55,0.2909090909090909,0.6375191089974798,,-0.027548198438848617,-3.0317330617127562,-8.341066272184417,0.9783972083774293
33,41,65,9.41,61,0.29508196721311475,0.6604431839166437,,-0.025845881004008524,-2.771015336858224,-7.071088542572586,0.9780314845718003
20,41,65,10.35,71,0.28169014084507044,0.6714615167439423,,-0.028841730119680446,-2.6273773608370004,-6.736153889798211,0.9778517103147294
36,38,82,10.35,52,0.28846153846153844,0.580225658371097,,-0.0276211077527092,-3.714278950211543,-10.341596568253943,0.9777925730460918
36,38,90,10.35,52,0.28846153846153844,0.580225658371097,,-0.0276211077527092,-3.714278950211543,-10.341596568253943,0.9777925730460918
36,38,74,10.35,52,0.28846153846153844,0.580225658371097,,-0.0276211077527092,-3.714278950211543,-10.341596568253943,0.9777925730460918
36,41,65,10.35,58,0.29310344827586204,0.6082154548893519,,-0.026072843457617324,-3.3580293885022843,-8.581590620261045,0.9774613348085934
39,41,74,8.47,54,0.2962962962962963,0.6536315321038283,,-0.02760364777826715,-2.866606206795459,-7.806372006615668,0.9770563539178361
39,41,82,8.47,54,0.2962962962962963,0.6536315321038283,,-0.02760364777826715,-2.866606206795459,-7.806372006615668,0.9770563539178361
39,41,90,8.47,54,0.2962962962962963,0.6536315321038283,,-0.02760364777826715,-2.866606206795459,-7.806372006615668,0.9770563539178361
20,30,90,10.35,63,0.2857142857142857,0.6199122781665971,,-0.029080187704347265,-3.182013199277308,-8.12558251884014,0.9770108172907936
20,30,82,10.35,63,0.2857142857142857,0.6199122781665971,,-0.029080187704347265,-3.182013199277308,-8.12558251884014,0.9770108172907936
20,30,74,10.35,63,0.2857142857142857,0.6199122781665971,,-0.029080187704347265,-3.182013199277308,-8.12558251884014,0.9770108172907936
33,38,65,10.35,60,0.2833333333333333,0.6032597821972652,,-0.027107303922039333,-3.3912234244197768,-8.966257924677103,0.9767587195257486
33,30,82,10.35,51,0.27450980392156865,0.5349517796841264,,-0.02644259339058508,-4.237367275664472,-10.940070820141248,0.976450062326488
33,30,74,10.35,51,0.27450980392156865,0.5349517796841264,,-0.02644259339058508,-4.237367275664472,-10.940070820141248,0.976450062326488
33,30,90,10.35,51,0.27450980392156865,0.5349517796841264,,-0.02644259339058508,-4.237367275664472,-10.940070820141248,0.976450062326488
20,35,74,10.35,64,0.28125,0.6111972821853957,,-0.02992336906217021,-3.273964015365089,-8.350194760736034,0.976162346287217
20,35,90,10.35,64,0.28125,0.6111972821853957,,-0.02992336906217021,-3.273964015365089,-8.350194760736034,0.976162346287217
20,35,82,10.35,64,0.28125,0.6111972821853957,,-0.02992336906217021,-3.273964015365089,-8.350194760736034,0.976162346287217
33,38,82,8.47,55,0.2909090909090909,0.6375191089974797,,-0.030564699193906544,-3.0317330617127562,-8.341066272184419,0.9760142984450154
33,38,90,8.47,55,0.2909090909090909,0.6375191089974797,,-0.030564699193906544,-3.0317330617127562,-8.341066272184419,0.9760142984450154
33,38,74,8.47,55,0.2909090909090909,0.6375191089974797,,-0.030564699193906544,-3.0317330617127562,-8.341066272184419,0.9760142984450154
20,41,65,9.41,71,0.28169014084507044,0.6714615167439423,,-0.03168375329884257,-2.6273773608370012,-6.736153889798214,0.9756525360673367
33,41,65,8.47,61,0.29508196721311475,0.6604431839166436,,-0.028680322052573485,-2.7710153368582233,-7.0710885425725865,0.9756073896937627
33,35,82,10.35,52,0.2692307692307692,0.5260071513367015,,-0.02728806532928474,-4.348434562807548,-11.188956623676617,0.9756020783025015
33,35,74,10.35,52,0.2692307692307692,0.5260071513367015,,-0.02728806532928474,-4.348434562807548,-11.188956623676617,0.9756020783025015
33,35,90,10.35,52,0.2692307692307692,0.5260071513367015,,-0.02728806532928474,-4.348434562807548,-11.188956623676617,0.9756020783025015
36,38,74,9.41,52,0.28846153846153844,0.580225658371097,,-0.03034186970009834,-3.7142789502115434,-10.341596568253946,0.9755917212035755
36,38,90,9.41,52,0.28846153846153844,0.580225658371097,,-0.03034186970009834,-3.7142789502115434,-10.341596568253946,0.9755917212035755
36,38,82,9.41,52,0.28846153846153844,0.580225658371097,,-0.03034186970009834,-3.7142789502115434,-10.341596568253946,0.9755917212035755
36,41,65,9.41,58,0.29310344827586204,0.608215454889352,,-0.02864444270331144,-3.358029388502284,-8.581590620261043,0.9752270460859817
20,30,90,9.41,63,0.2857142857142857,0.6199122781665972,,-0.03194429788155679,-3.1820131992773084,-8.12558251884014,0.9747319786577127
20,30,74,9.41,63,0.2857142857142857,0.6199122781665972,,-0.03194429788155679,-3.1820131992773084,-8.12558251884014,0.9747319786577127
20,30,82,9.41,63,0.2857142857142857,0.6199122781665972,,-0.03194429788155679,-3.1820131992773084,-8.12558251884014,0.9747319786577127
20,38,65,10.35,71,0.28169014084507044,0.6274118500067845,,-0.032408222365186055,-3.085071671121625,-7.970362061866396,0.9746731241606402
33,38,65,9.41,60,0.2833333333333333,0.6032597821972656,,-0.029779472624748855,-3.391223424419777,-8.966257924677102,0.974455929269445
39,41,65,10.35,58,0.27586206896551724,0.5589985391537007,,-0.029592782729596284,-3.9091819269814176,-9.938533117305168,0.9742130329666366
36,38,65,10.35,57,0.2807017543859649,0.5497515526938295,,-0.029649504192765,-4.065014791700378,-10.782410306072915,0.9742111964668765
33,30,90,9.41,51,0.27450980392156865,0.5349517796841265,,-0.02905355466538373,-4.237367275664472,-10.940070820141251,0.9741195265237946
33,30,74,9.41,51,0.27450980392156865,0.5349517796841265,,-0.02905355466538373,-4.237367275664472,-10.940070820141251,0.9741195265237946
33,30,82,9.41,51,0.27450980392156865,0.5349517796841265,,-0.02905355466538373,-4.237367275664472,-10.940070820141251,0.9741195265237946
36,30,82,10.35,48,0.2708333333333333,0.47128551132947627,,-0.02898176697859034,-5.188379556607785,-13.381728493090373,0.973903344288668
36,30,90,10.35,48,0.2708333333333333,0.47128551132947627,,-0.02898176697859034,-5.188379556607785,-13.381728493090373,0.973903344288668
36,30,74,10.35,48,0.2708333333333333,0.47128551132947627,,-0.02898176697859034,-5.188379556607785,-13.381728493090373,0.973903344288668
20,35,82,9.41,64,0.28125,0.6111972821853959,,-0.03286897200981114,-3.273964015365088,-8.350194760736034,0.9738009274375456
20,35,90,9.41,64,0.28125,0.6111972821853959,,-0.03286897200981114,-3.273964015365088,-8.350194760736034,0.9738009274375456
20,35,74,9.41,64,0.28125,0.6111972821853959,,-0.03286897200981114,-3.273964015365088,-8.350194760736034,0.9738009274375456
33,35,74,9.41,52,0.2692307692307692,0.5260071513367015,,-0.029980989993698803,-4.348434562807548,-11.188956623676617,0.9731890603098847
33,35,82,9.41,52,0.2692307692307692,0.5260071513367015,,-0.029980989993698803,-4.348434562807548,-11.188956623676617,0.9731890603098847
33,35,90,9.41,52,0.2692307692307692,0.5260071513367015,,-0.029980989993698803,-4.348434562807548,-11.188956623676617,0.9731890603098847
36,35,90,10.35,49,0.2653061224489796,0.4632198009049968,,-0.02982503380847823,-5.303441862384615,-13.59696950500273,0.9730575719253622
36,35,74,10.35,49,0.2653061224489796,0.4632198009049968,,-0.02982503380847823,-5.303441862384615,-13.59696950500273,0.9730575719253622
36,35,82,10.35,49,0.2653061224489796,0.4632198009049968,,-0.02982503380847823,-5.303441862384615,-13.59696950500273,0.9730575719253622
20,41,65,8.47,71,0.28169014084507044,0.6714615167439423,,-0.03514702628602065,-2.627377360837001,-6.736153889798212,0.972968548678181
36,38,90,8.47,52,0.28846153846153844,0.5802256583710969,,-0.0336571457514197,-3.714278950211542,-10.341596568253943,0.9729066974783623
36,38,74,8.47,52,0.28846153846153844,0.5802256583710969,,-0.0336571457514197,-3.714278950211542,-10.341596568253943,0.9729066974783623
36,38,82,8.47,52,0.28846153846153844,0.5802256583710969,,-0.0336571457514197,-3.714278950211542,-10.341596568253943,0.9729066974783623
33,30,65,10.35,56,0.26785714285714285,0.5069570559842098,,-0.030008457757596196,-4.587175130642576,-11.36346436153165,0.972873602982871
36,41,65,8.47,58,0.29310344827586204,0.6082154548893521,,-0.031778779671988895,-3.358029388502284,-8.581590620261045,0.9725010843126676
20,38,65,9.41,71,0.28169014084507044,0.6274118500067848,,-0.0355937718472177,-3.0850716711216255,-7.970362061866396,0.9721653666738047
33,35,65,10.35,57,0.2631578947368421,0.49916113980705745,,-0.030850832972631692,-4.689439509723769,-11.589118706212622,0.9720287248836038
20,30,82,8.47,63,0.2857142857142857,0.6199122781665971,,-0.035434144529240506,-3.182013199277308,-8.12558251884014,0.9719516934230118
20,30,90,8.47,63,0.2857142857142857,0.6199122781665971,,-0.035434144529240506,-3.182013199277308,-8.12558251884014,0.9719516934230118
20,30,74,8.47,63,0.2857142857142857,0.6199122781665971,,-0.035434144529240506,-3.182013199277308,-8.12558251884014,0.9719516934230118
39,41,65,9.41,58,0.27586206896551724,0.5589985391537007,,-0.03251019675430994,-3.9091819269814176,-9.938533117305168,0.971663177207621
36,38,65,9.41,57,0.2807017543859649,0.5497515526938295,,-0.032566733854612805,-4.065014791700377,-10.782410306072913,0.9716617434442582
33,38,65,8.47,60,0.2833333333333333,0.6032597821972654,,-0.03303602743745844,-3.3912234244197754,-8.9662579246771,0.9716466741669194
36,30,90,9.41,48,0.2708333333333333,0.4712855113294763,,-0.03183767728507292,-5.188379556607782,-13.381728493090367,0.971326305310506
36,30,74,9.41,48,0.2708333333333333,0.4712855113294763,,-0.03183767728507292,-5.188379556607782,-13.381728493090367,0.971326305310506
36,30,82,9.41,48,0.2708333333333333,0.4712855113294763,,-0.03183767728507292,-5.188379556607782,-13.381728493090367,0.971326305310506
33,30,82,8.47,51,0.27450980392156865,0.5349517796841267,,-0.03223656321880053,-4.237367275664472,-10.940070820141248,0.9712771097000887
33,30,74,8.47,51,0.27450980392156865,0.5349517796841267,,-0.03223656321880053,-4.237367275664472,-10.940070820141248,0.9712771097000887
33,30,90,8.47,51,0.27450980392156865,0.5349517796841267,,-0.03223656321880053,-4.237367275664472,-10.940070820141248,0.9712771097000887
20,35,82,8.47,64,0.28125,0.6111972821853958,,-0.03645773552424426,-3.2739640153650895,-8.350194760736036,0.970920264624943
20,35,74,8.47,64,0.28125,0.6111972821853958,,-0.03645773552424426,-3.2739640153650895,-8.350194760736036,0.970920264624943
20,35,90,8.47,64,0.28125,0.6111972821853958,,-0.03645773552424426,-3.2739640153650895,-8.350194760736036,0.970920264624943
36,35,82,9.41,49,0.2653061224489796,0.4632198009049969,,-0.03276245325592464,-5.303441862384613,-13.59696950500273,0.9703985071449169
36,35,90,9.41,49,0.2653061224489796,0.4632198009049969,,-0.03276245325592464,-5.303441862384613,-13.59696950500273,0.9703985071449169
36,35,74,9.41,49,0.2653061224489796,0.4632198009049969,,-0.03276245325592464,-5.303441862384613,-13.59696950500273,0.9703985071449169
36,30,65,10.35,53,0.2641509433962264,0.4479818290854573,,-0.03253833107367288,-5.516279640070325,-13.531095111625449,0.9703362128501571
33,35,82,8.47,52,0.2692307692307692,0.5260071513367016,,-0.03326354746623661,-4.348434562807547,-11.188956623676612,0.970246396765867
33,35,74,8.47,52,0.2692307692307692,0.5260071513367016,,-0.03326354746623661,-4.348434562807547,-11.188956623676612,0.970246396765867
33,35,90,8.47,52,0.2692307692307692,0.5260071513367016,,-0.03326354746623661,-4.348434562807547,-11.188956623676612,0.970246396765867
33,30,65,9.41,56,0.26785714285714285,0.5069570559842099,,-0.03296481985216293,-4.587175130642576,-11.36346436153165,0.9701954792087634
39,38,82,10.35,52,0.25,0.44897386081725527,,-0.030424698112115456,-5.477377077181866,-14.574483314376293,0.9695753018878845
39,38,90,10.35,52,0.25,0.44897386081725527,,-0.030424698112115456,-5.477377077181866,-14.574483314376293,0.9695753018878845
39,38,74,10.35,52,0.25,0.44897386081725527,,-0.030424698112115456,-5.477377077181866,-14.574483314376293,0.9695753018878845
36,35,65,10.35,54,0.25925925925925924,0.44094387133451846,,-0.03337850925658403,-5.622164024154098,-13.733021005384211,0.9694935383108857
33,35,65,9.41,57,0.2631578947368421,0.4991611398070576,,-0.03388851919119651,-4.689439509723768,-11.58911870621262,0.9692687611934566
20,38,65,8.47,71,0.28169014084507044,0.6274118500067846,,-0.039473732918908024,-3.0850716711216255,-7.970362061866398,0.9691064854118099
39,41,65,8.47,58,0.27586206896551724,0.5589985391537006,,-0.0360656678365848,-3.9091819269814176,-9.938533117305168,0.9685537814369038
36,38,65,8.47,57,0.2807017543859649,0.5497515526938294,,-0.03612059059056824,-4.065014791700376,-10.782410306072912,0.968552979588165
20,30,65,10.35,68,0.2647058823529412,0.5265106196345775,,-0.03731323039527829,-4.268954394311808,-10.34827895473377,0.9684047463531158
36,30,74,8.47,48,0.2708333333333333,0.47128551132947644,,-0.03531789368334792,-5.188379556607784,-13.381728493090371,0.9681845918037828
36,30,82,8.47,48,0.2708333333333333,0.47128551132947644,,-0.03531789368334792,-5.188379556607784,-13.381728493090371,0.9681845918037828
36,30,90,8.47,48,0.2708333333333333,0.47128551132947644,,-0.03531789368334792,-5.188379556607784,-13.381728493090371,0.9681845918037828
20,35,65,10.35,69,0.2608695652173913,0.5198298652283666,,-0.038149261885494015,-4.3517512261128655,-10.534372075599238,0.9675637491681665
36,30,65,9.41,53,0.2641509433962264,0.4479818290854574,,-0.035737727186054946,-5.516279640070321,-13.531095111625444,0.9674135099331518
36,35,82,8.47,49,0.2653061224489796,0.463219800904997,,-0.036341608042991136,-5.303441862384614,-13.596969505002733,0.9671571606293836
36,35,74,8.47,49,0.2653061224489796,0.463219800904997,,-0.036341608042991136,-5.303441862384614,-13.596969505002733,0.9671571606293836
36,35,90,8.47,49,0.2653061224489796,0.463219800904997,,-0.036341608042991136,-5.303441862384614,-13.596969505002733,0.9671571606293836
33,30,65,8.47,56,0.26785714285714285,0.5069570559842098,,-0.036567265226623014,-4.587175130642576,-11.363464361531651,0.9669306841489019
39,38,74,9.41,52,0.25,0.4489738608172554,,-0.03342156321558287,-5.477377077181866,-14.574483314376296,0.9665784367844171
39,38,90,9.41,52,0.25,0.4489738608172554,,-0.03342156321558287,-5.477377077181866,-14.574483314376296,0.9665784367844171
39,38,82,9.41,52,0.25,0.4489738608172554,,-0.03342156321558287,-5.477377077181866,-14.574483314376296,0.9665784367844171
36,35,65,9.41,54,0.25925925925925924,0.4409438713345186,,-0.03665877788031935,-5.622164024154096,-13.733021005384204,0.9664894492184621
39,38,65,10.35,57,0.24561403508771928,0.4296736201342679,,-0.033975977160134785,-5.755712943529818,-14.583809530136639,0.9660240228398652
33,35,65,8.47,57,0.2631578947368421,0.4991611398070575,,-0.03758965376133283,-4.689439509723768,-11.58911870621262,0.9659045836131281
39,30,82,10.35,48,0.22916666666666666,0.3369844756136513,,-0.034281242179374005,-7.570649677743041,-18.099622234374333,0.965718757820626
39,30,90,10.35,48,0.22916666666666666,0.3369844756136513,,-0.034281242179374005,-7.570649677743041,-18.099622234374333,0.965718757820626
39,30,74,10.35,48,0.22916666666666666,0.3369844756136513,,-0.034281242179374005,-7.570649677743041,-18.099622234374333,0.965718757820626
20,30,65,9.41,68,0.2647058823529412,0.5265106196345776,,-0.04097188261754116,-4.268954394311809,-10.348278954733772,0.9652922802077104
39,35,90,10.35,49,0.22448979591836735,0.33150204385095877,,-0.03511990675618293,-7.680862648822099,-18.23920338154084,0.9648800932438171
39,35,82,10.35,49,0.22448979591836735,0.33150204385095877,,-0.03511990675618293,-7.680862648822099,-18.23920338154084,0.9648800932438171
39,35,74,10.35,49,0.22448979591836735,0.33150204385095877,,-0.03511990675618293,-7.680862648822099,-18.23920338154084,0.9648800932438171
20,35,65,9.41,69,0.2608695652173913,0.5198298652283668,,-0.041887933715087824,-4.351751226112866,-10.53437207559924,0.9643702456638733
36,30,65,8.47,53,0.2641509433962264,0.4479818290854574,,-0.03963480686270027,-5.516279640070322,-13.531095111625444,0.9638520051443681
39,38,90,8.47,52,0.25,0.4489738608172553,,-0.03707323823793829,-5.477377077181866,-14.574483314376296,0.9629267617620617
39,38,74,8.47,52,0.25,0.4489738608172553,,-0.03707323823793829,-5.477377077181866,-14.574483314376296,0.9629267617620617
39,38,82,8.47,52,0.25,0.4489738608172553,,-0.03707323823793829,-5.477377077181866,-14.574483314376296,0.9629267617620617
36,35,65,8.47,54,0.25925925925925924,0.4409438713345186,,-0.040653940142232114,-5.622164024154098,-13.733021005384206,0.962829171682675
39,38,65,9.41,57,0.24561403508771928,0.4296736201342681,,-0.03731523274622661,-5.755712943529818,-14.583809530136639,0.9626847672537734
39,30,90,9.41,48,0.22916666666666666,0.33698447561365136,,-0.03764757183840428,-7.570649677743038,-18.099622234374333,0.9623524281615957
39,30,82,9.41,48,0.22916666666666666,0.33698447561365136,,-0.03764757183840428,-7.570649677743038,-18.099622234374333,0.9623524281615957
39,30,74,9.41,48,0.22916666666666666,0.33698447561365136,,-0.03764757183840428,-7.570649677743038,-18.099622234374333,0.9623524281615957
39,30,65,10.35,53,0.22641509433962265,0.32543322445513084,,-0.03781839580142887,-7.7817843761018635,-17.724201275998496,0.9621816041985711
20,30,65,8.47,68,0.2647058823529412,0.5265106196345775,,-0.04542586151826444,-4.26895439431181,-10.348278954733772,0.9614996842828061
39,35,82,9.41,49,0.22448979591836735,0.3315020438509588,,-0.038566798274069614,-7.680862648822098,-18.239203381540836,0.9614332017259304
39,35,74,9.41,49,0.22448979591836735,0.3315020438509588,,-0.038566798274069614,-7.680862648822098,-18.239203381540836,0.9614332017259304
39,35,90,9.41,49,0.22448979591836735,0.3315020438509588,,-0.038566798274069614,-7.680862648822098,-18.239203381540836,0.9614332017259304
39,35,65,10.35,54,0.2222222222222222,0.3205532685677272,,-0.03865398858800739,-7.884094875017232,-17.869105451304744,0.9613460114119926
20,35,65,8.47,69,0.2608695652173913,0.5198298652283666,,-0.04643884936836457,-4.3517512261128655,-10.53437207559924,0.9604793470886697
39,38,65,8.47,57,0.24561403508771928,0.4296736201342679,,-0.041382296321821777,-5.755712943529818,-14.583809530136643,0.9586177036781782
39,30,65,9.41,53,0.22641509433962265,0.32543322445513084,,-0.04152421773145676,-7.7817843761018635,-17.724201275998496,0.9584757822685432
39,30,90,8.47,48,0.22916666666666666,0.3369844756136515,,-0.041746905237771914,-7.57064967774304,-18.099622234374337,0.9582530947622281
39,30,74,8.47,48,0.22916666666666666,0.3369844756136515,,-0.041746905237771914,-7.57064967774304,-18.099622234374337,0.9582530947622281
39,30,82,8.47,48,0.22916666666666666,0.3369844756136515,,-0.041746905237771914,-7.57064967774304,-18.099622234374337,0.9582530947622281
39,35,65,9.41,54,0.2222222222222222,0.3205532685677272,,-0.04243974124573657,-7.8840948750172295,-17.86910545130474,0.9575602587542634
39,35,90,8.47,49,0.22448979591836735,0.33150204385095894,,-0.04276379717228307,-7.6808626488220995,-18.23920338154084,0.9572362028277169
39,35,82,8.47,49,0.22448979591836735,0.33150204385095894,,-0.04276379717228307,-7.6808626488220995,-18.23920338154084,0.9572362028277169
39,35,74,8.47,49,0.22448979591836735,0.33150204385095894,,-0.04276379717228307,-7.6808626488220995,-18.23920338154084,0.9572362028277169
39,30,65,8.47,53,0.22641509433962265,0.32543322445513095,,-0.04603504885197074,-7.781784376101864,-17.724201275998492,0.9539649511480293
39,35,65,8.47,54,0.2222222222222222,0.3205532685677273,,-0.04704739023644555,-7.884094875017231,-17.869105451304744,0.9529526097635544
20,41,90,1.5,67,0.31343283582089554,0.8374695833957957,,-0.16026833166665852,-1.172796289250419,-3.19176500214557,0.9278745470199788
20,41,82,1.5,67,0.31343283582089554,0.8374695833957957,,-0.16026833166665852,-1.172796289250419,-3.19176500214557,0.9278745470199788
20,41,74,1.5,67,0.31343283582089554,0.8374695833957957,,-0.16026833166665852,-1.172796289250419,-3.19176500214557,0.9278745470199788
33,41,82,1.5,57,0.3157894736842105,0.76331518073642,,-0.1201786746857815,-1.8109269903736076,-4.884868867083735,0.9098681755293869
33,41,74,1.5,57,0.3157894736842105,0.76331518073642,,-0.1201786746857815,-1.8109269903736076,-4.884868867083735,0.9098681755293869
33,41,90,1.5,57,0.3157894736842105,0.76331518073642,,-0.1201786746857815,-1.8109269903736076,-4.884868867083735,0.9098681755293869
36,41,74,1.5,54,0.3148148148148148,0.708954660122586,,-0.1356439976869701,-2.330887942791727,-6.3622628875014255,0.8939049535353437
36,41,90,1.5,54,0.3148148148148148,0.708954660122586,,-0.1356439976869701,-2.330887942791727,-6.3622628875014255,0.8939049535353437
36,41,82,1.5,54,0.3148148148148148,0.708954660122586,,-0.1356439976869701,-2.330887942791727,-6.3622628875014255,0.8939049535353437
20,38,82,1.5,66,0.30303030303030304,0.7302657511060392,,-0.19367129178595205,-2.0827551325441145,-5.6384250273158285,0.886098346220672
20,38,74,1.5,66,0.30303030303030304,0.7302657511060392,,-0.19367129178595205,-2.0827551325441145,-5.6384250273158285,0.886098346220672
20,38,90,1.5,66,0.30303030303030304,0.7302657511060392,,-0.19367129178595205,-2.0827551325441145,-5.6384250273158285,0.886098346220672
39,41,90,1.5,54,0.2962962962962963,0.6536315321038283,,-0.14934691249226625,-2.866606206795458,-7.806372006615666,0.8736600946347215
39,41,74,1.5,54,0.2962962962962963,0.6536315321038283,,-0.14934691249226625,-2.866606206795458,-7.806372006615666,0.8736600946347215
39,41,82,1.5,54,0.2962962962962963,0.6536315321038283,,-0.14934691249226625,-2.866606206795458,-7.806372006615666,0.8736600946347215
33,38,90,1.5,55,0.2909090909090909,0.6375191089974798,,-0.1622282714322019,-3.031733061712756,-8.34106627218442,0.8685323526886022
33,38,82,1.5,55,0.2909090909090909,0.6375191089974798,,-0.1622282714322019,-3.031733061712756,-8.34106627218442,0.8685323526886022
33,38,74,1.5,55,0.2909090909090909,0.6375191089974798,,-0.1622282714322019,-3.031733061712756,-8.34106627218442,0.8685323526886022
33,41,65,1.5,61,0.29508196721311475,0.6604431839166439,,-0.15329613212918786,-2.7710153368582233,-7.071088542572584,0.8661181747674428
36,38,82,1.5,52,0.28846153846153844,0.5802256583710971,,-0.1769544550456048,-3.714278950211543,-10.341596568253943,0.8532943488460022
36,38,90,1.5,52,0.28846153846153844,0.5802256583710971,,-0.1769544550456048,-3.714278950211543,-10.341596568253943,0.8532943488460022
36,38,74,1.5,52,0.28846153846153844,0.5802256583710971,,-0.1769544550456048,-3.714278950211543,-10.341596568253943,0.8532943488460022
20,41,65,1.5,71,0.28169014084507044,0.6714615167439422,,-0.18503970723755536,-2.6273773608370012,-6.736153889798214,0.8523362813731393
36,41,65,1.5,58,0.29310344827586204,0.6082154548893521,,-0.16815116516534467,-3.358029388502284,-8.581590620261045,0.8509225265749518
20,30,90,1.5,63,0.2857142857142857,0.6199122781665971,,-0.18612087543156933,-3.182013199277309,-8.125582518840142,0.8480001054340952
20,30,74,1.5,63,0.2857142857142857,0.6199122781665971,,-0.18612087543156933,-3.182013199277309,-8.125582518840142,0.8480001054340952
20,30,82,1.5,63,0.2857142857142857,0.6199122781665971,,-0.18612087543156933,-3.182013199277309,-8.125582518840142,0.8480001054340952
33,38,65,1.5,60,0.2833333333333333,0.6032597821972653,,-0.1743139659544451,-3.3912234244197763,-8.966257924677102,0.8466781902989837
33,30,82,1.5,51,0.27450980392156865,0.5349517796841267,,-0.1714246173860502,-4.237367275664472,-10.940070820141248,0.8455623674376294
33,30,90,1.5,51,0.27450980392156865,0.5349517796841267,,-0.1714246173860502,-4.237367275664472,-10.940070820141248,0.8455623674376294
33,30,74,1.5,51,0.27450980392156865,0.5349517796841267,,-0.1714246173860502,-4.237367275664472,-10.940070820141248,0.8455623674376294
20,35,82,1.5,64,0.28125,0.6111972821853958,,-0.19099780667450061,-3.2739640153650895,-8.350194760736036,0.8429187142503692
20,35,74,1.5,64,0.28125,0.6111972821853958,,-0.19099780667450061,-3.2739640153650895,-8.350194760736036,0.8429187142503692
20,35,90,1.5,64,0.28125,0.6111972821853958,,-0.19099780667450061,-3.2739640153650895,-8.350194760736036,0.8429187142503692
33,35,90,1.5,52,0.2692307692307692,0.5260071513367016,,-0.17638961163226152,-4.348434562807547,-11.188956623676617,0.8404955836817611
33,35,74,1.5,52,0.2692307692307692,0.5260071513367016,,-0.17638961163226152,-4.348434562807547,-11.188956623676617,0.8404955836817611
33,35,82,1.5,52,0.2692307692307692,0.5260071513367016,,-0.17638961163226152,-4.348434562807547,-11.188956623676617,0.8404955836817611
20,38,65,1.5,71,0.28169014084507044,0.6274118500067846,,-0.20530338931286377,-3.0850716711216273,-7.9703620618664015,0.8335609006760766
36,38,65,1.5,57,0.2807017543859649,0.5497515526938295,,-0.1888277096506713,-4.065014791700376,-10.782410306072912,0.8318236077641088
39,41,65,1.5,58,0.27586206896551724,0.5589985391537008,,-0.19024962150828395,-3.909181926981417,-9.938533117305166,0.8316511192315427
36,30,82,1.5,48,0.2708333333333333,0.4712855113294764,,-0.18596159441986004,-5.188379556607783,-13.381728493090367,0.8307273615057409
36,30,74,1.5,48,0.2708333333333333,0.4712855113294764,,-0.18596159441986004,-5.188379556607783,-13.381728493090367,0.8307273615057409
36,30,90,1.5,48,0.2708333333333333,0.4712855113294764,,-0.18596159441986004,-5.188379556607783,-13.381728493090367,0.8307273615057409
36,35,82,1.5,49,0.2653061224489796,0.463219800904997,,-0.19083948010739993,-5.303441862384614,-13.596969505002733,0.8257494721590475
36,35,90,1.5,49,0.2653061224489796,0.463219800904997,,-0.19083948010739993,-5.303441862384614,-13.596969505002733,0.8257494721590475
36,35,74,1.5,49,0.2653061224489796,0.463219800904997,,-0.19083948010739993,-5.303441862384614,-13.596969505002733,0.8257494721590475
33,30,65,1.5,56,0.26785714285714285,0.5069570559842099,,-0.19227337553263102,-4.587175130642575,-11.363464361531648,0.8242861798191382
33,35,65,1.5,57,0.2631578947368421,0.49916113980705756,,-0.1971134397285289,-4.689439509723768,-11.58911870621262,0.8193468873589611
36,30,65,1.5,53,0.2641509433962264,0.4479818290854574,,-0.2064445706174235,-5.516279640070323,-13.531095111625447,0.8098244548913286
39,38,90,1.5,52,0.25,0.4489738608172554,,-0.19476213877870474,-5.477377077181867,-14.574483314376295,0.8052378612212953
39,38,82,1.5,52,0.25,0.4489738608172554,,-0.19476213877870474,-5.477377077181867,-14.574483314376295,0.8052378612212953
39,38,74,1.5,52,0.25,0.4489738608172554,,-0.19476213877870474,-5.477377077181867,-14.574483314376295,0.8052378612212953
36,35,65,1.5,54,0.25925925925925924,0.44094387133451857,,-0.21119971809538085,-5.622164024154098,-13.733021005384208,0.8049718200637138
20,30,65,1.5,68,0.2647058823529412,0.5265106196345776,,-0.23335519246804484,-4.26895439431181,-10.348278954733772,0.7977215335903783
20,35,65,1.5,69,0.2608695652173913,0.5198298652283667,,-0.23794908596060285,-4.3517512261128655,-10.53437207559924,0.7929414219584587
39,38,65,1.5,57,0.24561403508771928,0.4296736201342681,,-0.2150236741457221,-5.755712943529816,-14.583809530136636,0.7849763258542779
39,30,90,1.5,48,0.22916666666666666,0.33698447561365136,,-0.21605818116390907,-7.570649677743038,-18.099622234374333,0.7839418188360909
39,30,82,1.5,48,0.22916666666666666,0.33698447561365136,,-0.21605818116390907,-7.570649677743038,-18.099622234374333,0.7839418188360909
39,30,74,1.5,48,0.22916666666666666,0.33698447561365136,,-0.21605818116390907,-7.570649677743038,-18.099622234374333,0.7839418188360909
39,35,82,1.5,49,0.22448979591836735,0.33150204385095877,,-0.2207557219086106,-7.680862648822097,-18.239203381540836,0.7792442780913894
39,35,74,1.5,49,0.22448979591836735,0.33150204385095877,,-0.2207557219086106,-7.680862648822097,-18.239203381540836,0.7792442780913894
39,35,90,1.5,49,0.22448979591836735,0.33150204385095877,,-0.2207557219086106,-7.680862648822097,-18.239203381540836,0.7792442780913894
39,30,65,1.5,53,0.22641509433962265,0.3254332244551309,,-0.23578386180185207,-7.781784376101867,-17.7242012759985,0.7642161381981479
39,35,65,1.5,54,0.2222222222222222,0.3205532685677273,,-0.24036320220784568,-7.884094875017233,-17.869105451304748,0.7596367977921543
